{
  "Icon": "user",
  "ModifiedDateTimeUtc": "2024-11-07T16:13:55.7293Z",
  "LastModifiedBy": "e1135dad-4c1b-419e-b745-4ef7a631309c",
  "Description": "Removes the user profile from the remote computer. WARNING: This will delete data from the target resource",
  "ActionTemplateParameter": [
    {
      "Id": "3de3eb65-262c-4e44-a4f9-7f398889d7c7",
      "Name": "Credentials",
      "Type": 3,
      "Required": true,
      "DefaultValue": null,
      "SortOrder": 0,
      "ActionPackId": null,
      "Description": "Target resource credential",
      "ActionTemplateId": "e4dd046c-6247-46a9-9cbf-72045a537af7",
      "ValueSet": [],
      "DisplayName": "Credentials"
    },
    {
      "Id": "90b90168-5ffd-4e3f-9f02-cb0553a2cd7d",
      "Name": "ActivitySessionId",
      "Type": 14,
      "Required": true,
      "DefaultValue": null,
      "SortOrder": 1,
      "ActionPackId": null,
      "Description": "SessionId",
      "ActionTemplateId": "e4dd046c-6247-46a9-9cbf-72045a537af7",
      "ValueSet": [],
      "DisplayName": "ActivitySessionId"
    }
  ],
  "UserDefined": false,
  "Classification": 2,
  "Definition": "Import-Module (Join-Path $Global:SbPAMScriptDirectory \"SbPAMHttpsCertificateUtilities.psm1\")\r\nImport-Module (Join-Path $Global:SbPAMScriptDirectory \"SbPAMWindows.psm1\")\r\nImport-Module (Join-Path $Global:SbPAMScriptDirectory \"SbPAMLinux.psm1\")\r\n\r\n$session = $null\r\ntry {\r\n    Add-SbPAMActionLog -ActionQueueActionId $ActionQueueActionId -Type Info -Message \"Remove user profile from remote computer script started, SessionId: $ActivitySessionId.\"\r\n    \r\n    $ActivitySession = Get-SbPAMActivitySession -Id $ActivitySessionId\r\n    $managedResource = Get-SbPAMManagedResource -Id $activitySession.ManagedResourceId\r\n    $Computer = Get-SbPAMHost $managedResource.HostId\r\n    $User = Get-SbPAMUser -Id $ActivitySession.TargetUserId\r\n    \r\n    if ($ActivitySession.Activity.LoginAccount -eq 0) {## This is a requester type\r\n        Add-SbPAMActionLog -ActionQueueActionId $ActionQueueActionId -Type Warn -Message \"Remove-UserProfile: User profile removal skipped for Requester activities.\"\r\n        return\r\n    }\r\n\r\n    $activitySessionCount = Get-SbPAMActivitySessionCount -Status \"active\" -TargetId $ManagedResource.HostId -TargetUserId $User.Id\r\n    Add-SbPAMActionLog -ActionQueueActionId $ActionQueueActionId -Type Info -Message \"User profile on $($Computer.DnsHostName) for $($User.Samaccountname) is in use by $activitySessionCount sessions.\"\r\n    if ($activitySessionCount -gt 1) {\r\n        Add-SbPAMActionLog -ActionQueueActionId $ActionQueueActionId -Type Warn -Message \"User profile on $($Computer.DnsHostName) for $($User.Samaccountname) is in use by other sessions. Not removing the profile.\"\r\n        return\r\n    }\r\n\r\n    $session = $null\r\n    try {\r\n        if ($managedResource.DisableWinRm) {\r\n            Add-SbPAMActionLog -Type Warn -Message \"NPS resource settings WinRM connections are disabled for $($managedResource.Name) - Unable to connect. Check NPS resorce page /resources/$($managedResource.Id) for more details.\"\r\n            return\r\n        }\r\n\r\n        $Params = @{\r\n            Host = $Computer\r\n            ManagedResource = $managedResource\r\n            Credential = (Get-PSCredential -Credentials $Credentials)\r\n        }\r\n        $session = New-SbPAMPSSession @Params\r\n    }\r\n    catch {\r\n        Add-SbPAMActionLog -Type Warn -Message \"Remove-UserProfile: session error $_\"\r\n        $session = $null\r\n    }\r\n    \r\n    if ($null -ne $session) {\r\n        ## Remove artifacts first\r\n        $Messages = Remove-SbPAMWindowsUserArtifacts -Session $session -UserWithArtifacts $User -SessionId $ActivitySession.Id -VerifyRemoval $True\r\n        $Messages | ForEach-Object {\r\n            $Message = $_\r\n            if ($Message -like \"Unable to remove User Profile for*\") {\r\n                Add-SbPAMEventMessage -Message $message -SessionId  $ActivitySession.Id -SourceHost $Computer.DnsHostName -Status Warning\r\n            }\r\n            Add-SbPAMActionLog -ActionQueueActionId $ActionQueueActionId -Type Info -Message \"$Message\" | Out-Null\r\n        }\r\n\r\n        $Error.Clear()\r\n    }\r\n    else {\r\n        Add-SbPAMActionLog -ActionQueueActionId $ActionQueueActionId -Type Warn -Message \"Unable to remove user profile on $($Computer.DnsHostName) for $($User.Samaccountname) because action service is unable to connect with PowerShell Remoting.\"\r\n    }\r\n}\r\nfinally {\r\n    if ($null -ne $session) {\r\n        Remove-PSSession -Session $session\r\n    }\r\n    Add-SbPAMActionLog -ActionQueueActionId $ActionQueueActionId -Type Info -Message \"Remove user profile from remote computer script finished, SessionId: $ActivitySessionId.\"\r\n}\r\n",
  "CreatedDateTimeUtc": "2024-07-24T14:32:33.8556Z",
  "Id": "e4dd046c-6247-46a9-9cbf-72045a537af7",
  "DisplayName": "Remove user profile from remote computer",
  "CreatedBy": "e1135dad-4c1b-419e-b745-4ef7a631309c"
}
