{
  "Definition": "try {\r\n    Add-SbPAMActionLog -ActionQueueActionId $ActionQueueActionId -Type Info -Message \"Run ADSync for User and SingleGroup script started, SessionId: $SessionId.\"\r\n\r\n    Import-Module (Join-Path $SbPAMScriptDirectory \"SbPAMWindows.psm1\")\r\n    Import-Module (Join-Path $SbPAMScriptDirectory \"SbPAMActiveDirectory.psm1\")\r\n\r\n    if (![string]::IsNullOrEmpty($HostId)) {\r\n        $targetHost = Get-SbPAMHost -Id $HostId\r\n        if ($null -eq $targetHost -or [string]::IsNullOrEmpty($targetHost.DnsHostName)) {\r\n            Write-Error \"Unable to find host.\"\r\n            exit 2\r\n        }\r\n        #Write-Host (ConvertTo-Json $targetHost)\r\n    }\r\n    if (![string]::IsNullOrEmpty($UserId)) {\r\n        $targetUser = Get-SbPAMUser -Id $UserId\r\n        if ($null -ne $targetUser) { $login = (Get-LoginFromSamAccountname -User $targetUser) }\r\n        if ([string]::IsNullOrEmpty($login)) {\r\n            Write-Error \"Unable to find user.\"\r\n            exit 1\r\n        }\r\n        #Write-Host (ConvertTo-Json $targetUser)\r\n    }\r\n\r\n    $domain = Get-SbPAMDomain -Id $targetUser.ActiveDirectoryDomainId\r\n    if ($null -eq $domain -or [string]::IsNullOrEmpty($domain.DomainName)) {\r\n        Write-Error \"Unable to find domain to update.\"\r\n        exit 3\r\n    }\r\n\r\n    if ($null -eq $domain -or $null -eq $Domain.activeDirectoryDomainConfiguration.credentialId) {\r\n        Write-Error \"Unable to find domain credential.\"\r\n        exit 4\r\n    }\r\n\r\n    $DomainPSCredentials = (Get-PSCredential -Id $Domain.activeDirectoryDomainConfiguration.credentialId)\r\n    $PDC = Get-SbPAMPDC -Domain $Domain\r\n\r\n    Add-SbPAMActionLog -Type Info -Message \"Found PDC:$PDC for Domain:$($Domain.DomainName)\"\r\n\r\n    $DN = $targetUser.DistinguishedName\r\n    \r\n    ## Get the ADUser\r\n    Add-SbPAMActionLog -Type Info -Message \"Get $DN from $PDC\"\r\n    $DNS = @()\r\n    $adUser = Get-AdUser -Credential $DomainPSCredentials -Server $PDC -Identity $DN -Properties MemberOf\r\n    if ($null -eq $adUser) {\r\n        Add-SbPAMActionLog -Type Error -Message \"Unable to find $DN using $PDC\"\r\n        return $null\r\n    }\r\n    else {\r\n        Add-SbPAMActionLog -Type Info -Message \"Found $($adUser.distinguishedName)\"\r\n        $DNS += $adUser.distinguishedName\r\n\r\n        $foundGroups = @()\r\n        $GroupDN = $adUser.MemberOf | Select-String -SimpleMatch $Group\r\n        if ($null -ne $GroupDN) {\r\n            Add-SbPAMActionLog -Type Info -Message \"Found Group $GroupDN\"\r\n            $foundGroups += $GroupDN\r\n        }\r\n\r\n        try {\r\n            $GroupObj = Get-ADGroup -Identity $Group -Server $PDC -Credential $DomainPSCredentials -ErrorAction Stop\r\n            $GroupDN = $GroupObj.DistinguishedName\r\n            if ($null -ne $GroupDN) {\r\n                Add-SbPAMActionLog -Type Info -Message \"Found Group $GroupDN\"\r\n                $foundGroups += $GroupDN\r\n            }\r\n        }\r\n        catch {\r\n            Add-SbPAMActionLog -Type Warn -Message \"Get-ADGroup: $_\"\r\n        }\r\n\r\n        if ($foundGroups.Count -gt 0) {\r\n            $DNS += $foundGroups | Sort-Object -Unique\r\n        }\r\n        else {\r\n            Add-SbPAMActionLog -Type Warn -Message \"Unable to find a match for $Group\"\r\n        }\r\n    }\r\n\r\n    Add-SbPAMActionLog -Type Info -Message \"Replicating to $Destinations\"\r\n    $DNS | ForEach-Object {\r\n        # DCDIAG\r\n        $DN = $_\r\n\r\n        $Destinations.Split(\",\") | ForEach-Object {\r\n            if ($null -ne $DN)\r\n            {\r\n                $Destination = $_.Trim()\r\n                Add-SbPAMActionLog -Type Info -Message \"Syncing $DN from $PDC to $Destination\"\r\n\r\n                try {\r\n                    Sync-ADObject -Destination $Destination -Source $PDC -Object \"$DN\" -Credential $DomainPSCredentials -ErrorAction Stop | ForEach-Object {\r\n                        Add-SbPAMActionLog -Type Info -Message \"Synchronizing: $_\"\r\n                    }\r\n                }\r\n                catch {\r\n                    Add-SbPAMActionLog -Type Error -Message \"Error: $_\"\r\n                }\r\n            }\r\n        }\r\n    }\r\n}\r\nfinally {\r\n    Add-SbPAMActionLog -ActionQueueActionId $ActionQueueActionId -Type Info -Message \"Run ADSync for User and SingleGroup script completed for $login on $($targetHost.DnsHostName), SessionId: $SessionId.\"\r\n}\r\n$null",
  "ModifiedDateTimeUtc": "2024-08-09T15:33:23.5345Z",
  "ActionTemplateParameter": [
    {
      "Name": "HostId",
      "ValueSet": [],
      "Required": true,
      "DisplayName": "HostId",
      "Type": 8,
      "SortOrder": 0,
      "Id": "52a47299-6eb7-4e30-9bbf-98283ce7f9e2",
      "ActionPackId": null,
      "DefaultValue": null,
      "Description": "Target host",
      "ActionTemplateId": "682b9d19-6cd2-4752-854e-2d3e6e84a351"
    },
    {
      "Name": "UserId",
      "ValueSet": [],
      "Required": true,
      "DisplayName": "UserId",
      "Type": 9,
      "SortOrder": 1,
      "Id": "b2f775f7-bcb9-413f-9775-56466d34ed9f",
      "ActionPackId": null,
      "DefaultValue": null,
      "Description": "Target user",
      "ActionTemplateId": "682b9d19-6cd2-4752-854e-2d3e6e84a351"
    },
    {
      "Name": "Credentials",
      "ValueSet": [],
      "Required": true,
      "DisplayName": "Credentials",
      "Type": 3,
      "SortOrder": 2,
      "Id": "1df72524-5b3d-45a0-8aad-daef9b3d7415",
      "ActionPackId": null,
      "DefaultValue": null,
      "Description": "Service Account Credentials",
      "ActionTemplateId": "682b9d19-6cd2-4752-854e-2d3e6e84a351"
    },
    {
      "Name": "SessionId",
      "ValueSet": [],
      "Required": true,
      "DisplayName": "SessionId",
      "Type": 14,
      "SortOrder": 3,
      "Id": "9368290f-e4f8-44cb-9d1c-85ebb3306838",
      "ActionPackId": null,
      "DefaultValue": null,
      "Description": "SessionId",
      "ActionTemplateId": "682b9d19-6cd2-4752-854e-2d3e6e84a351"
    },
    {
      "Name": "Destinations",
      "ValueSet": [],
      "Required": true,
      "DisplayName": "Destinations",
      "Type": 5,
      "SortOrder": 4,
      "Id": "9b7b5422-87d2-4ef9-b51e-02ff6e367fbc",
      "ActionPackId": null,
      "DefaultValue": null,
      "Description": "Comma separated list of domain controllers to replicate to",
      "ActionTemplateId": "682b9d19-6cd2-4752-854e-2d3e6e84a351"
    },
    {
      "Name": "Domain",
      "ValueSet": [],
      "Required": true,
      "DisplayName": "Domain",
      "Type": 16,
      "SortOrder": 5,
      "Id": "7d7c43cb-4a78-4a73-9388-01e469a163ea",
      "ActionPackId": null,
      "DefaultValue": null,
      "Description": "Domain of PDC for replication source",
      "ActionTemplateId": "682b9d19-6cd2-4752-854e-2d3e6e84a351"
    },
    {
      "Name": "Group",
      "ValueSet": [],
      "Required": true,
      "DisplayName": "Group to Synchronize",
      "Type": 5,
      "SortOrder": 6,
      "Id": "71624980-3966-4aee-a93a-a7053edea0c8",
      "ActionPackId": null,
      "DefaultValue": null,
      "Description": "Group name to be synchronized",
      "ActionTemplateId": "682b9d19-6cd2-4752-854e-2d3e6e84a351"
    }
  ],
  "Icon": "user",
  "Id": "682b9d19-6cd2-4752-854e-2d3e6e84a351",
  "LastModifiedBy": "e1135dad-4c1b-419e-b745-4ef7a631309c",
  "CreatedBy": "e1135dad-4c1b-419e-b745-4ef7a631309c",
  "DisplayName": "Run ADSync for User and SingleGroup",
  "Description": "Runs ADSync for the user and a single group",
  "Classification": 4,
  "UserDefined": false,
  "CreatedDateTimeUtc": "2024-04-11T19:57:55.8962Z"
}
