{
  "Id": "a2042377-d88c-4a9d-8131-a4d7f47e91d4",
  "CreatedBy": "e1135dad-4c1b-419e-b745-4ef7a631309c",
  "UserDefined": false,
  "Definition": "try {\r\n    Add-SbPAMActionLog -ActionQueueActionId $ActionQueueActionId -Type Info -Message \"Run AD Replication for User script started, SessionId: $SessionId.\"\r\n\r\n    Import-Module (Join-Path $SbPAMScriptDirectory \"SbPAMWindows.psm1\")\r\n    Import-Module (Join-Path $SbPAMScriptDirectory \"SbPAMActiveDirectory.psm1\")\r\n\r\n    if (![string]::IsNullOrEmpty($UserId)) {\r\n        $targetUser = Get-SbPAMUser -Id $UserId\r\n        if ($null -ne $targetUser) { $login = (Get-LoginFromSamAccountname -User $targetUser) }\r\n        if ([string]::IsNullOrEmpty($login)) {\r\n            Write-Error \"Unable to find user.\"\r\n            exit 1\r\n        }\r\n        #Write-Host (ConvertTo-Json $targetUser)\r\n    }\r\n\r\n    if (![string]::IsNullOrEmpty($HostId)) {\r\n        $targetHost = Get-SbPAMHost -Id $HostId\r\n        if ($null -eq $targetHost -or [string]::IsNullOrEmpty($targetHost.DnsHostName)) {\r\n            Write-Error \"Unable to find host.\"\r\n            exit 2\r\n        }\r\n        #Write-Host (ConvertTo-Json $targetHost)\r\n    }\r\n\r\n    $domain = Get-SbPAMDomain -DomainConfigurationId $DomainConfigurationId\r\n    if ($null -eq $domain -or [string]::IsNullOrEmpty($domain.DomainName)) {\r\n        Write-Error \"Unable to find domain to update.\"\r\n        exit 3\r\n    }\r\n\r\n    if ($null -eq $domain -or $null -eq $Domain.activeDirectoryDomainConfiguration.credentialId) {\r\n        Write-Error \"Unable to find domain credential.\"\r\n        exit 4\r\n    }\r\n    $DomainPSCredentials = (Get-PSCredential -Id $Domain.activeDirectoryDomainConfiguration.credentialId)\r\n    $PDC = Get-SbPAMPDC -Domain $Domain\r\n\r\n    Add-SbPAMActionLog -Type Info -Message \"Found PDC:$PDC for Domain:$($Domain.DomainName)\"\r\n\r\n    $DN = $targetUser.DistinguishedName\r\n    \r\n    ## Get the ADUser\r\n    Add-SbPAMActionLog -Type Info -Message \"Get $DN from $PDC\"\r\n    $DNS = @()\r\n    $adUser = Get-AdUser -Credential $DomainPSCredentials -Server $PDC -Identity $DN -Properties MemberOf\r\n    if ($null -eq $adUser) {\r\n        Add-SbPAMActionLog -Type Error -Message \"Unable to find $DN using $PDC\"\r\n        return $null\r\n    }\r\n    else {\r\n        Add-SbPAMActionLog -Type Info -Message \"Found $($adUser.distinguishedName)\"\r\n        $DNS += $adUser.distinguishedName\r\n        foreach ($group in $adUser.MemberOf) {\r\n            Add-SbPAMActionLog -Type Info -Message \"$DN belongs to $group\"\r\n            $DNS += $group\r\n        }\r\n    }\r\n\r\n    $DNS | ForEach-Object {\r\n        # DCDIAG\r\n        $DN = $_\r\n\r\n        $Destinations.Split(\",\") | ForEach-Object {\r\n            $Destination = $_\r\n            Add-SbPAMActionLog -Type Info -Message \"Syncing $DN from $PDC to $Destination\"\r\n\r\n            try {\r\n                Sync-ADObject -Destination $Destination -Source $PDC -Object $DN -Credential $DomainPSCredentials -ErrorAction Stop | ForEach-Object {\r\n                    Add-SbPAMActionLog -Type Info -Message $_\r\n                }\r\n            }\r\n            catch {\r\n                Add-SbPAMActionLog -Type Error -Message $_        \r\n            }\r\n        }\r\n    }\r\n}\r\nfinally {\r\n    Add-SbPAMActionLog -ActionQueueActionId $ActionQueueActionId -Type Info -Message \"Replication script completed for $login on $($targetHost.DnsHostName), SessionId: $SessionId.\"\r\n}\r\n$null\r\n\r\n",
  "Description": "Specify source domain for sync and target domain controllers to sync to. Use commas to separate multiple target domain controllers.",
  "DisplayName": "AD Sync With Args",
  "ActionTemplateParameter": [
    {
      "SortOrder": 0,
      "Id": "e49a75aa-6e72-4b93-b55e-14b383578f64",
      "Required": true,
      "ActionPackId": null,
      "Name": "HostId",
      "DisplayName": "HostId",
      "Description": "Target host",
      "DefaultValue": null,
      "Type": 8,
      "ActionTemplateId": "a2042377-d88c-4a9d-8131-a4d7f47e91d4",
      "ValueSet": []
    },
    {
      "SortOrder": 1,
      "Id": "f42c8db7-203a-49dc-9b26-22851037e209",
      "Required": true,
      "ActionPackId": null,
      "Name": "UserId",
      "DisplayName": "UserId",
      "Description": "Target User",
      "DefaultValue": null,
      "Type": 9,
      "ActionTemplateId": "a2042377-d88c-4a9d-8131-a4d7f47e91d4",
      "ValueSet": []
    },
    {
      "SortOrder": 2,
      "Id": "f6fdf469-8a41-470c-ae4b-9475a453d7b8",
      "Required": true,
      "ActionPackId": null,
      "Name": "Credentials",
      "DisplayName": "Credentials",
      "Description": "Service Account Credentials",
      "DefaultValue": null,
      "Type": 3,
      "ActionTemplateId": "a2042377-d88c-4a9d-8131-a4d7f47e91d4",
      "ValueSet": []
    },
    {
      "SortOrder": 3,
      "Id": "dcbf716f-69af-49bd-9385-7f72818d3924",
      "Required": false,
      "ActionPackId": null,
      "Name": "SessionId",
      "DisplayName": "SessionId",
      "Description": "ActivitySession Id",
      "DefaultValue": null,
      "Type": 14,
      "ActionTemplateId": "a2042377-d88c-4a9d-8131-a4d7f47e91d4",
      "ValueSet": []
    },
    {
      "SortOrder": 4,
      "Id": "1aaced41-c7e3-494b-9c1d-6d8aa6c13897",
      "Required": true,
      "ActionPackId": null,
      "Name": "Destinations",
      "DisplayName": "Destinations",
      "Description": "Comma separated list of domain controllers to replicate to",
      "DefaultValue": null,
      "Type": 5,
      "ActionTemplateId": "a2042377-d88c-4a9d-8131-a4d7f47e91d4",
      "ValueSet": []
    },
    {
      "SortOrder": 5,
      "Id": "46f38809-9bc8-4e75-97a5-f2380c3b2d17",
      "Required": true,
      "ActionPackId": null,
      "Name": "DomainConfigurationId",
      "DisplayName": "Domain",
      "Description": "Domain of PDC for replication source",
      "DefaultValue": null,
      "Type": 16,
      "ActionTemplateId": "a2042377-d88c-4a9d-8131-a4d7f47e91d4",
      "ValueSet": []
    }
  ],
  "ModifiedDateTimeUtc": "2024-01-02T19:42:22.9956Z",
  "LastModifiedBy": "e1135dad-4c1b-419e-b745-4ef7a631309c",
  "CreatedDateTimeUtc": "2023-05-12T12:57:39.1159Z",
  "Classification": 4,
  "Icon": "user"
}
